time,flux
131.5124040118826,10180609.0
131.53283857288625,10013518.0
131.55327303378,9852474.0
131.57370739454927,9722936.0
131.5941418553266,9717073.0
131.61457641598827,9854102.0
131.635010776532,9854243.0
131.65544523706922,9622330.0
131.67587979749806,9355803.0
131.69631425780244,9357562.0
131.71674861811334,10380713.0
131.7371830783086,13893496.0
131.75761763849732,18326582.0
131.7780519985754,19319686.0
131.7984864585378,18734832.0
131.8189210184937,17301278.0
131.83935537833895,16076235.0
131.85978983806854,15202112.0
131.88022429779085,14488517.0
131.90065875740402,13815361.0
131.92109321690077,13192784.0
131.94152767639025,12636874.0
131.9619621357706,12126208.0
131.98239659515093,11649536.0
132.00283105440758,11204857.0
132.02326541355433,10798165.0
132.04369997258618,10442982.0
132.06413443161,10143038.0
132.08456879052392,9899698.0
132.1050032494386,9706481.0
132.12543780823034,9568728.0
132.14587216691143,9519913.0
132.16630662559328,9559458.0
132.1867411841522,9625522.0
132.2071756426012,9706698.0
132.22761000104947,9697021.0
132.24804445938207,9615917.0
132.26847901759174,9776921.0
132.28891337580717,11251466.0
132.30934783389966,15794090.0
132.32978239188378,19079044.0
132.35021674986638,19030312.0
132.37065120773332,17708746.0
132.39108566547657,16490625.0
132.4115201232271,15551086.0
132.43195458085393,14793874.0
132.45238903837162,14156721.0
132.47282359589008,13582127.0
132.4932579532906,13046078.0
132.5136924106846,12531896.0
132.53412676785229,11992341.0
132.55456132501422,11583189.0
132.57499578218267,11159864.0
132.59543013911752,10789197.0
132.6158646960539,10482493.0
132.63629915298225,10241215.0
132.65673360968503,10055041.0
132.67716796638706,9889936.0
132.69760252308333,9798010.0
132.7180369795533,9741345.0
132.73847133602249,9820063.0
132.75890589248593,9928393.0
132.77934034872305,9795334.0
132.79977470495942,9548420.0
132.82020916107285,9405717.0
132.84064371719433,9940192.0
132.86107807319786,12085604.0
132.88151252907846,16615061.0
132.9019470849671,19441948.0
132.9223814407378,19082826.0
132.94281589638558,17747216.0
132.96325035192422,16418337.0
132.9836849074636,15540871.0
133.0041192628778,14785695.0
133.0245537183,14088234.0
133.0449881734894,13429346.0
133.0654226286715,12837176.0
133.0858570838609,12298920.0
133.10629153881746,11750299.0
133.12672599376674,11356683.0
133.1471604487233,10940017.0
133.16759490344702,10567313.0
133.18802935816348,10218913.0
133.20846391277155,9984375.0
133.2288982673781,9779230.0
133.24933272186172,9624332.0
133.2697671762362,9537027.0
133.29020163049427,9578783.0
133.31063608474506,9690346.0
133.33107043888594,9727266.0
133.35150499291194,9704049.0
133.3719394469299,9661433.0
133.39237390083872,9709877.0
133.41280835463112,10769284.0
133.43324280829984,13773881.0
133.45367726197583,17862690.0
133.47411161553464,19005674.0
133.49454616897128,18183542.0
133.51498062241444,16859938.0
133.53541497574042,15844901.0
133.55584952894424,15075097.0
133.57628398215456,14434266.0
133.59671833524772,13851170.0
133.61715278821794,13303875.0
133.63758734107978,12781700.0
133.6580217939336,12278942.0
133.6784561466775,11806982.0
133.6988906993065,11371791.0
133.71932515193475,10979696.0
133.73975950443855,10642475.0
133.76019395683397,10333497.0
133.78062850910646,10169430.0
133.8010628613847,10022504.0
133.8214973135473,9918032.0
133.84193176559347,9835965.0
133.86236621751596,9792565.0
133.88280066944571,9863535.0
133.90323512125906,9893238.0
133.92366957306513,9703412.0
133.94410402464564,9456964.0
133.96453847622615,9581390.0
133.9849728276822,10968973.0
134.00540737914707,15256216.0
134.02584183049476,19286964.0
134.046276181718,19410552.0
134.0667107328336,18186720.0
134.08714518383204,16820750.0
134.10757953482243,15728172.0
134.12801398570446,14935138.0
134.14844853658724,14225418.0
134.16888298722915,13567921.0
134.18931733787758,12977368.0
134.20975188841112,12441996.0
134.23018633893662,11893620.0
134.2506206892358,11507302.0
134.27105513953575,11086638.0
134.29148968982918,10699180.0
134.31192403989553,10358078.0
134.33235848996264,10079717.0
134.35279303990683,9873149.0
134.37322738974035,9730060.0
134.4140962891688,9630618.0
134.43453073877026,9722074.0
134.45496518837172,9828196.0
134.47539963773306,9892155.0
134.49583418710245,9878512.0
134.5162685363539,9790232.0
134.5367029854824,10139827.0
134.55713733461744,12005511.0
134.57757188352116,16718815.0
134.59800633253326,19167048.0
134.61844068131904,18756590.0
134.63887512998917,17313192.0
134.6593096786528,16113370.0
134.6797441272065,15229930.0
134.7001785756438,14520824.0
134.72061302407383,13919224.0
134.7410474723947,13382939.0
134.76148182059842,12894730.0
134.7819162686792,12438174.0
134.802350816768,11971235.0
134.82278526462323,11473670.0
134.8432196124777,11107995.0
134.8636541603264,10729394.0
134.8840886079488,10415361.0
134.9045230555639,10201242.0
134.92495740306913,10069647.0
134.94539195045945,9989300.0
134.96582639772532,9943011.0
134.9862607449977,9929854.0
135.0066952921552,9956461.0
135.02712973918824,9961970.0
135.04756408611138,9814420.0
135.06799853303528,9584928.0
135.08843307983625,9575232.0
135.10886742652656,10587612.0
135.1293018731012,13366209.0
135.14973641955294,17481666.0
135.17017086601118,19312508.0
135.19060521235224,18753544.0
135.21103965857037,17319264.0
135.23147420479654,16116199.0
135.25190855078836,15298029.0
135.27234299677366,14552504.0
135.29277734264906,13784203.0
135.31321188852598,13237345.0
135.33364633416204,12673812.0
135.3540806798046,12161186.0
135.3745152253323,11690472.0
135.3949496707355,11254687.0
135.41538411614602,10856170.0
135.43581846132292,10507856.0
135.45625300649408,10220679.0
135.47668745155534,10004339.0
135.4971217964994,9849377.0
135.51755634143774,9735606.0
135.53799078626616,9659895.0
135.5584251309774,9631398.0
135.578859575573,9683920.0
135.59929412004567,9823290.0
135.6197284645241,9892156.0
135.64016290876316,9869160.0
135.66059745301027,9967762.0
135.6810318971402,11332188.0
135.70146624126937,15317392.0
135.7219006851592,18612714.0
135.74233522905706,18760180.0
135.7627695728297,17451320.0
135.7832040166104,16227562.0
135.80363856015902,15315436.0
135.8240729037061,14615400.0
135.84450734701386,14029965.0
135.8649417904453,13507487.0
135.88537623363663,13024302.0
135.90581067671883,12567162.0
135.92624511980102,12130332.0
135.94667946276604,11638723.0
135.9671140056089,11278619.0
135.98754844834184,10902024.0
136.0079827909576,10587932.0
136.02841733356763,10360025.0
136.04885177606775,10219441.0
136.0692861184507,10148633.0
136.0897205607107,10116151.0
136.11015510286234,10096247.0
136.13058954500593,10088076.0
136.15102388703963,10105114.0
136.17145842895843,9988074.0
136.19189287076006,9750489.0
136.21232721243723,9526048.0
136.23276165412244,9923178.0
136.2531961955683,11737789.0
136.27363053701993,15940046.0
136.2940649783559,19284398.0
136.31449951969262,19068866.0
136.33493386078771,17634996.0
136.35536830189085,16393586.0
136.37580274276115,15501970.0
136.3962371837406,14759510.0
136.41667162449448,14018829.0
136.43710606513196,13414009.0
136.45754060576292,12839576.0
136.4779749461668,12321612.0
136.49840938657144,11852289.0
136.5188438268524,11416750.0
136.53927826714062,11008495.0
136.559712707196,10635328.0
136.58014714724413,10317264.0
136.6005815870667,10078032.0
136.6210160268893,9926867.0
136.64145046658814,9831378.0
136.6618849062943,9750647.0
136.6823193457676,9721850.0
136.70275378523365,9734923.0
136.72318822459056,9705687.0
136.74362256371387,9680743.0
136.76405710294785,9769379.0
136.7844915419555,9980510.0
136.804925880846,10883864.0
136.8253604197307,13497848.0
136.84579485850554,17464764.0
136.86622929715668,18656812.0
136.88666363569791,17813098.0
136.90709817412426,16577593.0
136.92753261254984,15589991.0
136.94796695073455,14835687.0
136.96840148892807,14207858.0
136.98883592699713,13651637.0
137.00927026495629,13150281.0
137.0297047027998,12686485.0
137.05013924052764,12247912.0
137.0705735782467,11826182.0
137.09100801585737,11415941.0
137.1114425533451,11028301.0
137.1318768907222,10685881.0
137.15231132798365,10413554.0
137.17274576512864,10229979.0
137.19318030226714,10135053.0
137.21361463917856,10112400.0
137.23404907609074,10102934.0
137.25448341287847,10181928.0
137.27491794955858,10270314.0
137.29535238612152,10191921.0
137.31578672256,9968883.0
137.3362212590073,9656241.0
137.35665569522098,9690890.0
137.3975244675239,14194375.0
137.41795900350553,17993714.0
137.4383934393627,18793522.0
137.45882777522638,17805168.0
137.47926231085876,16634629.0
137.4996967464831,15680461.0
137.52013108199753,14971316.0
137.54056551739632,14292708.0
137.56100005267217,13680982.0
137.58143438783736,13085456.0
137.6018688228869,12572973.0
137.62230335792992,12123597.0
137.64273779274663,11674664.0
137.66317212756258,11253119.0
137.6836065622556,10867770.0
137.70404109684023,10536870.0
137.72447543130693,10282487.0
137.7449098656507,10117910.0
137.7653443998861,10011596.0
137.78577873411996,9924037.0
137.80621316811448,9851912.0
137.82664750211552,9834892.0
137.84708203600167,9818753.0
137.86751646976336,9829134.0
137.8879509034159,9845403.0
137.9083852369513,9861170.0
137.9288197704809,10188213.0
137.94925420378422,12197485.0
137.96968853708677,16594953.0
137.99012307026717,18894732.0
138.0105575032212,18424818.0
138.0309918361745,16929238.0
138.05142626901215,15751499.0
138.0718608018433,14893517.0
138.0922952344481,14220400.0
138.11272956692846,13650667.0
138.13316409941763,13150995.0
138.1535985317896,12696349.0
138.17403286392073,12271683.0
138.19446729605988,11867115.0
138.21490182808338,11464406.0
138.23533625998243,11069782.0
138.255770591888,10710516.0
138.27620512356225,10413755.0
138.29663955511205,10212526.0
138.31707388666837,10116478.0
138.33750831810903,10109340.0
138.35794284931035,10151555.0
138.37837728051818,10195989.0
138.39881161160883,10227844.0
138.41924614257732,10295849.0
138.4396805734359,10230278.0
138.46011490429373,9959157.0
138.4805493349122,9839929.0
138.50098386553873,10699890.0
138.5214181959309,13005755.0
138.54185262631654,16089185.0
138.56228705659305,18416076.0
138.58272148675314,17999170.0
138.60315591678955,16740089.0
138.6235903467168,15766848.0
138.64402477652766,14929139.0
138.6644592062148,14342533.0
138.68489363579283,13716514.0
138.7053279653701,13197989.0
138.72576249470876,12703302.0
138.74619692405395,12247491.0
138.76663125328196,11823388.0
138.7870657823878,11422323.0
138.80750021138374,11051624.0
138.8279345402625,10723594.0
138.84836896901834,10455743.0
138.8688034976658,10270996.0
138.88923792619607,10180250.0
138.90967225460918,10140716.0
138.93010678301653,10079802.0
138.95054121119756,10008312.0
138.97097553937056,9999484.0
138.99140996743515,9946954.0
139.01184449526772,9829050.0
139.03227882309875,9740485.0
139.05271325080685,9858614.0
139.07314777840656,11083646.0
139.09358210588107,14794897.0
139.1140165332472,18466120.0
139.13445096061332,18822644.0
139.15488538774662,17391818.0
139.17531981475622,16168977.0
139.1957542417731,15221529.0
139.2161885685564,14495117.0
139.23662309533393,13889957.0
139.25705752200156,13354541.0
139.2774918484356,12869851.0
139.2979263748639,12426293.0
139.31836080118228,12015695.0
139.33879522737698,11615746.0
139.35922955346177,11222987.0
139.37966407943168,10851368.0
139.4000985052844,10534487.0
139.4205328311291,10307977.0
139.44096735674975,10186440.0
139.46140178224596,10149391.0
139.48183610774868,10164963.0
139.50227053301933,10203407.0
139.52270505829074,10260135.0
139.54313938343694,10346805.0
139.56357380835834,10278569.0
139.58400833327323,10029990.0
139.60444265807746,9783814.0
139.62487708276603,9984624.0
139.6453115073382,11980121.0
139.66574603178742,15655838.0
139.68618035600957,18143974.0
139.7066147803489,18035590.0
139.72704920444812,16810736.0
139.7474836284382,15749416.0
139.76791805231187,14944632.0
139.78835247617826,14294525.0
139.8087868998191,13724383.0
139.82922132334352,13209626.0
139.84965574686066,12741187.0
139.87009017015225,12315864.0
139.89052459344384,11919382.0
139.91095901649533,11542201.0
139.93139343955409,11183975.0
139.95182796248992,10854231.0
139.97226228531508,10575034.0
139.99269670790818,10379393.0
140.01313103050052,10308978.0
140.03356555297069,10304576.0
140.05399997533095,10269511.0
140.07443439756753,10188558.0
140.09486881969497,10151347.0
140.115303241706,10118068.0
140.1357376636006,10035003.0
140.15617198537075,9929307.0
140.17660650703328,9894157.0
140.19704092868778,10487258.0
140.21747525011597,12924572.0
140.23790977142926,17155822.0
140.25834419262537,18640488.0
140.27877851381345,17815188.0
140.29921293477673,16435484.0
140.3196474557335,15398192.0
140.3400817764632,14593038.0
140.38095061769127,13407074.0
140.40138513806596,12928167.0
140.4218194584464,12497811.0
140.4422538787112,12101702.0
140.46268839873665,11725460.0
140.48312271876785,11354777.0
140.5035571386834,10991819.0
140.52399145835807,10658894.0
140.54442597804157,10388927.0
140.56486039760784,10220298.0
140.58529481693404,10158605.0
140.6057292362675,10170607.0
140.62616365548456,10225156.0
140.64659807457792,10293662.0
140.6670323935614,10382391.0
140.68746691242995,10397574.0
140.70790133117407,10212371.0
140.72833564969187,9975978.0
140.7487701682112,9939692.0
140.7692045866061,11270403.0
140.78963890489104,14228180.0
140.81007332306035,16878684.0
140.83050784110674,17701784.0
140.85094225904322,16990486.0
140.87137657686253,15954090.0
140.8918109945589,15124184.0
140.9122455121469,14448531.0
140.93267982961697,13862271.0
140.9531142469641,13333664.0
140.97354876420286,12851249.0
140.9939830814401,12408072.0
141.01441749843798,12000509.0
141.03485191532673,11624043.0
141.05528633209906,11280088.0
141.0757207487477,10977074.0
141.0961551652872,10724712.0
141.1165895817103,10532859.0
141.13702399800968,10422256.0
141.15745841419994,10411269.0
141.17789273027302,10444065.0
141.19832724634034,10429228.0
141.21876166218135,10384536.0
141.23919597790518,10364556.0
141.25963049350685,10233691.0
141.2800649089986,10010327.0
141.3004992243732,9810903.0
141.32093363962483,9934925.0
141.34136815476813,11447759.0
141.36180256979424,15522456.0
141.38223688469589,18421610.0
141.40267129960557,18248214.0
141.4231058142832,16834850.0
141.44354022883635,15654111.0
141.46397454327962,14801837.0
141.484409057608,14126634.0
141.5048434718119,13576388.0
141.52527778590593,13103600.0
141.5457121998843,12674729.0
141.56614661373897,12279761.0
141.58658112748526,11906506.0
141.60701544111362,11539526.0
141.6274499546198,11178836.0
141.6478843680161,10839232.0
141.6683186811788,10553899.0
141.68875309433497,10363975.0
141.70918760738277,10290886.0
141.72962192031264,10294974.0
141.75005633311957,10322016.0
141.77049084581813,10342213.0
141.7909251582823,10354102.0
141.81135957074002,10418440.0
141.83179398308857,10324161.0
141.8522283953207,10079813.0
141.87266280731274,9942909.0
141.89309721931204,10618858.0
141.9135317311957,13225518.0
141.9339660428377,16073608.0
141.95440045448777,17495642.0
141.97483476590423,17108790.0
141.99526927731495,16062743.0
142.01570368861576,15156884.0
142.03613799968298,14444390.0
142.05657241062727,13857657.0
142.0770069215796,13348794.0
142.09744133229833,12894003.0
142.1178756430163,12477338.0
142.1383101534957,12097174.0
142.15874456386518,11740840.0
142.17917887411022,11405250.0
142.1996132843633,11099355.0
142.2200477943843,10838105.0
142.24048210428737,10632535.0
142.2609165140675,10492988.0
142.28135102373926,10447316.0
142.3017853332858,10530217.0
142.32221974272397,10593490.0
142.34265415204572,10523979.0
142.36308866124455,10431559.0
142.3835229703327,10366730.0
142.4039573791888,10197209.0
142.42439188803837,9979544.0
142.44482619677729,9942553.0
142.46526060540054,10718497.0
142.4856949137902,13352724.0
142.50612942217413,17097540.0
142.52656383033172,17997516.0
142.54699823848205,17087248.0
142.56743254640605,15925009.0
142.58786705421517,15014668.0
142.60830146202352,14258215.0
142.628735769591,13718960.0
142.64917027705087,13230328.0
142.6696046843863,12789992.0
142.69003899172822,12389315.0
142.71047339883808,12021026.0
142.73090790583228,11674868.0
142.75134221270127,11345426.0
142.77177661934547,11035757.0
142.79221112598316,10758888.0
142.81264543251018,10540902.0
142.83307983892155,10414367.0
142.8535142451001,10390933.0
142.8739487512721,10424988.0
142.89438305721706,10455404.0
142.91481746316276,10459098.0
142.93525196886912,10464165.0
142.95568627458124,10378043.0
142.97612068006129,10130833.0
142.99655498541688,9882312.0
143.01698949066486,9995618.0
143.03742389579563,11760878.0
143.05785830080276,15211666.0
143.07829270570073,17198240.0
143.0987271104823,17243606.0
143.11916151514015,16262411.0
143.13959591968887,15312187.0
143.1600303239975,14553922.0
143.18046472831338,13937754.0
143.20089903239568,13413861.0
143.22133343647874,12957662.0
143.24176794032246,12545658.0
143.26220234405628,12164674.0
143.2826367476664,11810248.0
143.3030711512838,11480195.0
143.32350555466837,11186210.0
143.3643742609638,10754943.0
143.3848087639999,10616977.0
143.40524316691153,10538998.0
143.42567746971326,10586685.0
143.4461119722837,10690890.0
143.46654637485335,10697854.0
143.48698067718215,10636374.0
143.50741507940256,10581064.0
143.5278495816165,10414219.0
143.54828398360405,10146906.0
143.56871828547446,10007474.0
143.58915278722998,10264560.0
143.60958718886104,11934519.0
143.6300214903822,15441866.0
143.6504558916713,17552836.0
143.67089039295388,17291290.0
143.69132469400938,16174981.0
143.71175909506564,15218832.0
143.7321934958818,14452830.0
143.75262789658882,13842368.0
143.77306229717942,13339987.0
143.79349669776275,12911720.0
143.81393109812052,12530263.0
143.83436549824546,12181377.0
143.85479989836313,11852072.0
143.8752341983709,11529544.0
143.89566869814735,11216276.0
143.91610309791577,10930026.0
143.93653739745787,10698666.0
143.9569718970015,10559557.0
143.97740629630425,10550485.0
143.9978405954971,10613116.0
144.0182749945743,10641888.0
144.0387094935286,10605498.0
144.05914389225654,10522489.0
144.07957819098374,10430678.0
144.10001268958877,10207412.0
144.12044708796748,9924588.0
144.140881386229,9846293.0
144.16131578448403,10740648.0
144.18175028251426,13817240.0
144.20218458042655,16528234.0
144.2226189782159,17398054.0
144.24305347578047,16725154.0
144.2634877733435,15707838.0
144.28392217078363,14846403.0
144.30435656799818,14156645.0
144.32479096509633,13583161.0
144.3452253621872,13089068.0
144.3656597590525,12646257.0
144.38609405580064,12243656.0
144.4065285524266,11881241.0
144.42696294882626,11557028.0
144.44739724522515,11276131.0
144.46783174150187,11041662.0
144.48826613755227,10854594.0
144.5087004334855,10714443.0
144.5291348292958,10623744.0
144.54956932499772,10603185.0
144.57000372058246,10680592.0
144.59043801605003,10781959.0
144.61087251139543,10752573.0
144.6313069065145,10606762.0
144.65174120162555,10406103.0
144.6721755965118,10153183.0
144.6926100912824,9946901.0
144.7130443859278,10072213.0
144.7334787804648,11101451.0
144.75391327488614,13982676.0
144.77434756918228,16534339.0
144.79478196325363,16860080.0
144.81521635732497,16189214.0
144.83565085115697,15278512.0
144.8560851448783,14501792.0
144.876519538484,13886678.0
144.89695393196598,13393542.0
144.91738832522242,12982588.0
144.93782271847886,12620646.0
144.9582571114952,12288508.0
144.97869160451955,11973453.0
144.99912589730957,11673347.0
145.01956029009307,11389216.0
145.039994682651,11130826.0
145.06042907497613,10906813.0
145.08086346729397,10738978.0
145.10129785938625,10669956.0
145.1217323514793,10711354.0
145.1421666433307,10781750.0
145.16260103495733,10798206.0
145.1830353265832,10736028.0
145.2034698182033,10601776.0
145.22390420936426,10353325.0
145.2443385007573,10059516.0
145.2647729916789,9849979.0
145.28520738260704,10065606.0
145.30564177353517,12015855.0
145.3260760642297,15309727.0
145.34651055468566,17037688.0
145.36694494514813,16764293.0
145.38737923536974,15839837.0
145.40781372560014,14989922.0
145.42824811559694,14291786.0
145.44868240536016,13715558.0
145.46911679511686,13232067.0
145.4895512848816,12812774.0
145.50998557417188,12434886.0
145.5304199634702,12085399.0
145.5508543527685,11760730.0
145.57128884182748,11463270.0
145.59172313065935,11205027.0
145.61215751949203,11001276.0
145.63259200831817,10860533.0
145.6530262966844,10777470.0
145.6734606850514,10751829.0
145.69389497341763,10818282.0
145.71432946154528,10926804.0
145.7347638494466,10907977.0
145.75519823734066,10745786.0
145.77563262500917,10533332.0
145.79606701267767,10255831.0
145.81650140011334,9964106.0
145.83693568730814,9882836.0
145.85737017451174,10483293.0
145.87780456147448,12580715.0
145.89823884844373,15582830.0
145.9186733351817,16856294.0
145.93910772191884,16480356.0
145.95954200841516,15541598.0
145.97997639468667,14745904.0
146.00041088095168,14082763.0
146.02084526699036,13550872.0
146.0412795530283,13113393.0
146.0617140388349,12737892.0
146.08214842440066,12401293.0
146.10258270997292,12094062.0
146.12301709531312,11814320.0
146.1434515806468,11555551.0
146.1638858657534,11313881.0
146.18432025062793,11088573.0
146.2047546354952,10890519.0
146.2251890201369,10758679.0
146.2456234047786,10769364.0
146.2660577891802,10885558.0
146.28649217358907,10940946.0
146.3069265577651,10851048.0
146.3477952256435,10416399.0
146.36822970934736,10120506.0
146.3886640928249,9856832.0
146.4090983763017,9845059.0
146.42953285978,10849553.0
146.44996724278462,14140610.0
146.47040152602858,16309511.0
146.49083600880112,16669773.0
146.51127039158018,15921644.0
146.53170477435924,15080927.0
146.55213905667188,14383682.0
146.5725735392116,13819462.0
146.59300792129216,13347150.0
146.61344230336545,12936856.0
146.63387658544525,12565550.0
146.65431106706092,12219668.0
146.67474544890865,11902136.0
146.6951797302827,11615363.0
146.71561421166552,11366334.0
146.73604859304032,11161105.0
146.75648297395674,11004442.0
146.77691725510522,10890757.0
146.79735173578956,10823651.0
146.81778611646587,10822394.0
146.83822039691586,10908688.0
146.8586547773666,10975426.0
146.87908925781085,10891308.0
146.89952353779518,10685699.0
146.91995791778027,10410529.0
146.940392397526,10110229.0
146.9608266772775,9910904.0
146.98126105679694,10066522.0
147.0016954363091,11332531.0
147.0221298155957,14282159.0
147.04256419464946,16174329.0
147.06299857369595,16366202.0
147.08343305251765,15708047.0
147.10386733133782,14911624.0
147.12430170991863,14239987.0
147.14473598827317,13707355.0
147.1651704666292,13270545.0
147.18560484474438,12896145.0
147.20603912263323,12560329.0
147.2264736005236,12254786.0
147.24690797840594,11973631.0
147.2673423558299,11714821.0
147.2877766332531,11477135.0
147.30821111067053,11266100.0
147.32864548786165,11083892.0
147.34907976481918,10946171.0
147.36951414153737,10918212.0
147.3899486182636,10983966.0
147.4103828949883,10996663.0
147.43081727147364,10912471.0
147.4512517477342,10744935.0
147.4716860237604,10517711.0
147.4921203997801,10212330.0
147.51255477580708,9931232.0
147.53298925160198,9798805.0
147.55342352715525,10153625.0
147.57385790248372,12307087.0
147.59429237781296,15482582.0
147.61472665290057,16395257.0
147.63516102799622,16179533.0
147.65559530285827,15396158.0
147.67602977748174,14654111.0
147.69646415211173,14050776.0
147.71689842650812,13557012.0
147.73733290089876,13134443.0
147.7577672750631,12758127.0
147.77820164899458,12411174.0
147.7986359229253,12087529.0
147.81907039661746,11794907.0
147.83950477031613,11539508.0
147.8599390435411,11324667.0
147.88037341700692,11154980.0
147.921242163,10937970.0
147.94167653600016,10905878.0
147.96211100853543,10972812.0
147.98254528129473,11060374.0
148.0029796535964,10988335.0
148.0234140258981,10754778.0
148.04384849796045,10465795.0
148.0642827700285,10159072.0
148.08471714186453,9898982.0
148.1051516134612,9876471.0
148.12558588506363,10564691.0
148.146020256434,12820013.0
148.1664546277971,15333370.0
148.1868889989346,15950642.0
148.2073233698393,15660771.0
148.2277577407367,15044995.0
148.24819221140933,14416218.0
148.2686264818476,13890518.0
148.28906085227936,13453439.0
148.30949522248557,13082767.0
148.32992959245894,12748044.0
148.35036396242504,12435547.0
148.3707983323984,12142378.0
148.39123260190536,11880616.0
148.41166707140655,11653665.0
148.43210144091427,11453483.0
148.45253580995632,11268335.0
148.4729701789911,11100389.0
148.49340454803314,10988577.0
148.51383891684236,10986495.0
148.534273185418,11033218.0
148.55470765398786,11015664.0
148.57514202233142,10893759.0
148.5955762904341,10662985.0
148.6160107585456,10350982.0
148.6364451264235,10058616.0
148.6568793940678,9837386.0
148.6773137617056,9838131.0
148.6977482291186,10868541.0
148.7181824965228,14136239.0
148.73861686346936,15748985.0
148.75905133064953,16065667.0
148.779485697356,15521097.0
148.79991996406898,14858723.0
148.82035433078272,14285634.0
148.8407887970243,13802476.0
148.8612230632716,13385051.0
148.8816574295197,13007021.0
148.90209189552843,12651684.0
148.9225261613101,12315782.0
148.94296052685968,12009917.0
148.963394892402,11741965.0
148.98382925795158,11519592.0
149.0042636230355,11344503.0
149.02469798811944,11205168.0
149.0451322529625,11091013.0
149.06556671781436,11009686.0
149.08600108242535,10991332.0
149.10643534704286,11053616.0
149.12686981119623,11057276.0
149.14730417534884,10877495.0
149.1677384394934,10590169.0
149.18817280341318,10272874.0
149.2086072670936,9971955.0
149.22904163078056,9795956.0
149.24947589400108,10007294.0
149.26991035745596,11393203.0
149.29034472043713,14205176.0
149.33121334641328,15687727.0
149.35164780892956,15276543.0
149.3720820714516,14708754.0
149.39251643397438,14175784.0
149.41295089625785,13707297.0
149.4333851583142,13304252.0
149.4538195201385,12950467.0
149.47425388195552,12626584.0
149.494688243547,12329309.0
149.51512260513846,12064262.0
149.535556966257,11828268.0
149.5559914276164,11622048.0
149.57642568850133,11438942.0
149.5968600493943,11275560.0
149.6172943100537,11153926.0
149.6377287707146,11143188.0
149.65816313113464,11183221.0
149.67859739132837,11136509.0
149.69903175152285,10972595.0
149.719466211478,10720971.0
149.73990057120682,10413898.0
149.76033483093488,10098413.0
149.78076929042436,9856456.0
149.80120364992035,9776147.0
149.82163790894992,10194995.0
149.84207226797298,12482084.0
149.86250672700407,15002142.0
149.88294108580158,15663423.0
149.9033753443582,15429869.0
149.9238098026908,14945175.0
149.94424416101538,14464843.0
149.9646785191144,14048895.0
149.98511277721263,13676605.0
150.00554723507958,13317807.0
150.02598159270565,12963366.0
150.0464158501054,12613523.0
150.0668503074994,12276279.0
150.0872846646671,11973601.0
150.10771892183402,11723188.0
150.12815327876888,11521486.0
150.1485877354644,11354778.0
150.16902199216565,11216385.0
150.18945634863485,11109560.0
150.2098908048647,11055558.0
150.2303250611003,11091016.0
150.25075941710384,11139204.0
150.27119377286726,11025973.0
150.2916282284059,10759112.0
150.312062483943,10466578.0
150.3324968394736,10116234.0
150.35293109454506,9843384.0
150.37336554961803,9753900.0
150.39379990468296,10391171.0
150.41423415928875,12608017.0
150.43466861389606,14779580.0
150.45510296849534,15318327.0
150.47553732263623,15327723.0
150.49597157677636,14949732.0
150.51640603091073,14547419.0
150.53684038458596,14091984.0
150.55727463826042,13671843.0
150.57770909192914,13287366.0
150.5981434451387,12931100.0
150.6185776983475,12597880.0
150.6390120515498,12292780.0
150.65944650429446,12026943.0
150.6798807570376,11803939.0
150.70031510977424,11612496.0
150.72074956205324,11431683.0
150.7411839143315,11255861.0
150.7616181666017,11127907.0
150.78205251841428,11105622.0
150.80248697022762,11101022.0
150.82292122203216,10994136.0
150.84335557337909,10782526.0
150.86379002472677,10507099.0
150.88422427606565,10176982.0
150.9046586269469,9871495.0
150.92509297782817,9675499.0
150.94552732846932,9761458.0
150.96596167911775,10982784.0
150.98639602953335,13746004.0
151.00683027971536,15495435.0
151.0272647298916,15388475.0
151.04769907984155,15059864.0
151.06813332955062,14626121.0
151.0885677792685,14220294.0
151.10900212875276,13838764.0
151.12943637799617,13484775.0
151.1498707270148,13148567.0
151.17030517603416,12821558.0
151.1907394248119,12504745.0
151.2111737735977,12212760.0
151.2316082221514,11966058.0
151.25204257046423,11780442.0
151.2724768185508,11635076.0
151.29291116663808,11491177.0
151.31334561448602,11335564.0
151.33377986233972,11203258.0
151.35421420972853,11136254.0
151.37464865734364,11124246.0
151.39508290449885,11039684.0
151.41551725165482,10796111.0
151.43595159857068,10485864.0
151.456385945261,10206710.0
151.4768202919513,9932483.0
151.4972546384015,9735169.0
151.51768898462615,9898927.0
151.5381233308508,11240317.0
151.5585576768353,13760981.0
151.57899202259432,14656073.0
151.59942646835407,14878073.0
151.6198607138722,14918186.0
151.6402950591655,14774231.0
151.660729404226,14408119.5
151.68116374927922,14042008.0
151.70159809410688,13639291.0
151.72203243893455,13249594.0
151.7424667835221,12887584.0
151.7629011278841,12567357.0
151.78333547201328,12292790.0
151.8037697161344,12060648.0
151.8242041600315,11863665.0
151.84463850369502,11683871.0
151.86507274735777,11505913.0
151.88550719078194,11340914.0
151.9059415339798,11248321.0
151.9263757771696,11198887.0
151.9468101201346,11088966.0
151.96724456286756,10885347.0
151.98767890559247,10603509.0
152.00811314785824,10279473.0
152.02854759035836,9948801.0
152.04898193238478,9669876.0
152.0694161744177,9543943.0
152.08985051621858,9947891.0
152.1102849577801,12186865.0
152.13071919934737,14778093.0
152.15115354068257,15151384.0
152.17158788177767,15141696.0
152.19202222288004,14959096.0
152.21245656374958,14674705.0
152.2328909043863,14315730.0
152.2533253450165,13922505.0
152.2737595854196,13528144.0
152.31462816552084,12805028.0
152.33506260545985,12482731.0
152.3554969451652,12196718.0
152.37593118462974,11950871.0
152.39636562410303,11735476.0
152.4167999633355,11532582.0
152.4372343023424,11334036.0
152.45766854134854,11155171.0
152.47810298012337,11034213.0
152.49853731865733,10987972.0
152.5189715571978,10943090.0
152.53940599526686,10799057.0
152.55984033334244,10543882.0
152.58027457141725,10271141.0
152.60070890926,10041460.0
152.6211433468634,9810334.0
152.6415775842397,9737463.0
152.68244625852094,12720790.0
152.7028805956652,14355229.0
152.72331493234378,14665138.0
152.7437492690151,14832406.0
152.76418370546162,14890874.0
152.7846179416665,14691759.0
152.80505227787944,14311484.0
152.82548651385878,13901300.0
152.8459209496068,13504291.0
152.8663552853468,13139368.0
152.88678952086048,12808212.0
152.90722395613557,12507158.0
152.92765829118434,12242551.0
152.94809262623312,12016830.0
152.9685268610483,11828006.0
152.9889612956249,11663455.0
153.00939563020802,11508155.0
153.02982986455754,11361251.0
153.05026429866848,11249232.0
153.07069863278593,11135398.0
153.09113286643696,10969307.0
153.11156720008148,10726362.0
153.13200163373403,10432939.0
153.15243586715224,10125017.0
153.17287020009826,9830207.0
153.1933045332844,9591291.0
153.21373896600562,9606541.0
153.23417329871882,10578798.0
153.2546075312057,13306257.0
153.27504196368682,14436091.0
153.2954762957088,14623592.0
153.31591052773,14813713.0
153.336344859752,14841419.0
153.35677919130103,14656048.0
153.37721352285735,14342525.0
153.39764785418083,13958281.0
153.41808228526497,13548575.0
153.43851661635563,13155826.0
153.4589508472127,12813478.0
153.4793851778304,12520344.0
153.49981960845616,12271170.0
153.52025383884757,12053040.0
153.54068816899962,11848965.0
153.5611225989269,11635184.0
153.58155682885263,11400438.0
153.60199115853902,11184863.0
153.62242548799986,11054441.0
153.6428598174607,10975312.0
153.66329414668144,10848551.0
153.68372847567662,10626095.0
153.7041627044382,10338143.0
153.72459713319404,10072166.0
153.74503146172356,9824303.0
153.76546569001948,9640539.0
153.78590011830966,9854552.0
153.80633444614068,11231162.0
153.82676867420378,13481391.0
153.8472030017947,14233931.0
153.86763742939365,14460195.0
153.88807165652543,14966304.0
153.90850598388352,15143909.0
153.92894041078398,14852203.0
153.94937473768368,14402853.0
153.96980896434252,13946373.0
153.99024329077656,13509744.0
154.01067771721137,13113078.0
154.03111194340454,12768322.0
154.05154626937292,12473734.0
154.07198069510923,12223123.0
154.09241492083677,12000569.0
154.1128492463395,11786935.0
154.13328357160935,11575319.0
154.15371789687197,11383159.0
154.1741522216762,11233880.0
154.19458654648042,11089314.0
154.21502087127735,10895064.0
154.23545519561594,10683240.0
154.2558895199545,10468086.0
154.2763237440522,10229827.0
154.2967581681587,9941535.0
154.3171924920316,9636317.0
154.33762671566365,9462569.0
154.3580610390709,9854683.0
154.37849546224606,11739659.0
154.39892968541244,13949263.0
154.41936400835402,14387045.0
154.43979843106354,14696287.0
154.460232753765,15016919.0
154.48066697624017,15006280.0
154.50110129848326,14713711.0
154.521535720487,14332963.0
154.5419699424965,13921845.0
154.56240426427394,13506080.0
154.58283868581202,13115513.0
154.60327290735586,12781210.0
154.6237072284348,12496362.0
154.64414154950646,12253323.0
154.6645758705854,12030276.0
154.68501019119867,11792693.0
154.70544451180467,11518879.0
154.72587893218588,11245791.0
154.74631315233273,11046199.0
154.76674747247307,10912894.0
154.78718179238786,10771016.0
154.8076161120698,10581685.0
154.82805043151166,10358865.0
154.84848465096002,10126616.0
154.86891907017707,9896636.0
154.88935338915326,9690793.0
154.90978770813672,9652347.0
154.93022202665452,10334633.0
154.95065634516504,12296525.0
154.97109066345,13738702.0
154.99152498173498,14022470.0
155.01195919977908,14713486.0
155.03239361759915,15309988.0
155.05282793518563,15268409.0
155.07326215253852,14862095.0
155.09369656988565,14359412.0
155.11413088700647,13858466.0
155.13456510411925,13415453.0
155.1549994207744,13036249.0
155.17543383743032,12718617.0
155.19586815384537,12450041.0
155.2163023700341,12187269.0
155.2367366862236,11982742.0
155.25717110217374,11760052.0
155.29803963338782,11341588.0
155.3184740488723,11152466.0
155.3389082641297,10972643.0
155.35934257915503,10790178.0
155.3797768939403,10580673.0
155.4002112087328,10352009.0
155.42064552329248,10098524.0
155.44107983761933,9761408.0
155.46151425170683,9485620.0
155.4819484658001,9431698.0
155.502382779654,10194617.0
155.5228169932816,12486662.0
155.54325140667788,13766582.0
155.5636857200734,14328532.0
155.58411993322807,14890482.0
155.6045543461587,15390622.0
155.62498865884845,15339707.0
155.64542297154549,14971431.0
155.66585718400893,14492416.0
155.68629159624106,14004875.0
155.70672590846516,13556427.0
155.7271601202301,13163899.0
155.74759443199582,12834783.0
155.7680288435222,12548377.0
155.7884630550543,12246346.0
155.80889736612153,12010156.0
155.82933177718223,11715887.0
155.84976598801586,11391573.0
155.87020029885025,11084464.0
155.8906346092117,10867924.0
155.9110690195812,10719878.0
155.93150322971633,10553688.0
155.95193753984495,10353211.0
155.97237194974878,10141830.0
155.99280615917814,9889807.0
156.01324046861555,9611347.0
156.0336746780522,9418608.0
156.0541090870247,9660368.0
156.07454339598917,11033167.0
156.09497770472808,13051312.0
156.11541201345972,13844080.0
156.13584632173297,14519552.0
156.15628063000622,15693306.0
156.17671483804588,16085452.0
156.19714924584696,15575154.0
156.21758355365455,14910543.0
156.23801776122855,14296914.0
156.2584520685632,13758238.0
156.27888647567306,13289775.0
156.2993206827814,12890217.0
156.31975498941756,12554495.0
156.34018939606176,12265696.0
156.3606236024716,12007596.0
156.38105790887494,11759980.0
156.4014922150527,11509532.0
156.42192662099842,11278412.0
156.4423608267025,11068124.0
156.46279513218178,10867489.0
156.48322953765455,10667497.0
156.50366374290024,10485843.0
156.52409804791387,10321715.0
156.54453235269466,10152713.0
156.56496665746818,9970656.0
156.58540096201614,9758587.0
156.60583526633127,9535828.0
156.6262695704063,9800626.0
156.64670387425576,11167473.0
156.66713817810523,13000242.0
156.6875724817146,13390042.0
156.7080067850984,14254626.0
156.7284410884822,15196137.0
156.74887539162592,15407613.0
156.7693095945433,15166917.0
156.78974399722938,14760644.0
156.8101782996746,14291628.0
156.83061260212708,13823166.0
156.85104690434673,13408685.0
156.87148120632628,13067895.0
156.89191550808027,12786429.0
156.9123497098335,12535900.0
156.93278411111532,12167177.0
156.95321841240366,11997737.0
156.97365261369123,11658698.0
156.9940870145074,11273537.0
157.01452131533006,11034898.0
157.03495551591914,10815230.0
157.05538981626887,10632430.0
157.0758242163938,10426520.0
157.09625841651723,10179724.0
157.1166927164013,9950603.0
157.13712711606058,9692409.0
157.15756141548627,9423616.0
157.17799561490392,9313100.0
157.19842991386395,9845256.0
157.2188643128247,11486953.0
157.2392985115439,13254173.0
157.2597328102711,13927922.0
157.28016710876545,15231918.0
157.30060140678688,16629429.0
157.32103570504842,16632445.0
157.3414700028443,15817336.0
157.36190430040006,15078903.0
157.3823385979631,14388030.0
157.4027728952933,13777512.0
157.42320709238993,13272353.0
157.4436414894808,12849713.0
157.46407578611252,12479233.0
157.4845099827362,12134717.0
157.50494437913585,11808379.0
157.52537867553474,11496823.0
157.54581287145993,11210384.0
157.56624716739316,10960287.0
157.58668156309432,10725509.0
157.60711575855385,10511457.0
157.6275500540214,10337657.0
157.64798444902408,10197512.0
157.6684187440187,10092152.0
157.68885293878702,10034564.0
157.70928723332327,9867798.0
157.729721627853,9622146.0
157.75015582215565,9569866.0
157.77059011622623,10216757.0
157.79102451005747,12059180.0
157.81145870366163,13090533.0
157.83189299726655,13825013.0
157.8523272903985,15205925.0
157.87276158377065,15820507.0
157.89319587667703,15623578.0
157.91363016934338,15165010.0
157.93406436201622,14645127.0
157.95449875445777,14139446.0
157.9749330466584,13676913.0
157.99536723863275,13284913.0
158.01580163060862,12957096.0
158.0362359221108,12666603.0
158.05667011361948,12382014.0
158.0771044048961,12081537.0
158.0975387961662,11751037.0
158.11797308697714,11358030.0
158.13840727778734,11067720.0
158.15884166835897,10829828.0
158.17927595870424,10653545.0
158.19971014904877,10462700.0
158.22014443892112,10253903.0
158.24057882880152,10078641.0
158.28144730809436,9596780.0
158.30188169726898,9341451.0
158.32231598645012,9385211.0
158.3427501753904,10285800.0
158.36318446410587,12033735.0
158.38361885258928,13201832.0
158.40405314083182,14377993.0
158.42448732908088,16234772.0
158.44492161709786,16881526.0
158.4653560048755,16343724.0
158.4857901926589,15566983.0
158.5062244799774,14801553.0
158.52665886728937,14158874.0
158.54709305437427,13620025.0
158.5675273412271,13164279.0
158.58796162783983,12765626.0
158.60839591445983,12396524.0
158.628830200847,12033924.0
158.64926448700135,11671974.0
158.66969887291634,11321835.0
158.69013305860426,11004422.0
158.71056734428566,10742748.0
158.73100152950792,10528515.0
158.7514359147317,10345544.0
158.77187019995472,10182439.0
158.7923044847048,10054530.0
158.81273876946216,9953133.0
158.83317305374658,9848602.0
158.85360733803827,9681292.0
158.87404152209638,9474496.0
158.894475906156,9609377.0
158.91491018974193,10676553.0
158.93534437333437,12520301.0
158.95577875668823,13399244.0
158.97621303981578,14891170.0
158.99664722294256,16284957.0
159.01708150560444,16439967.0
159.0375158882598,15950007.0
159.0579500706881,15297917.0
159.0783843528843,14636016.0
159.09881863507326,14025884.0
159.11925301680458,13525032.0
159.13968719853438,13122629.0
159.16012148002483,12778055.0
159.1805558612905,12442789.0
159.20099004231452,12141343.0
159.22142432334658,11812151.0
159.24185850391223,11460634.0
159.2622928844794,11098914.0
159.28272716503852,10801766.0
159.30316144513927,10619684.0
159.3235957249999,10465435.0
159.34403000486782,10263535.0
159.3644642845029,10081547.0
159.3848984639044,9921254.0
159.4053328430673,9653510.0
159.42576712223672,9388504.0
159.44620130093972,9241441.0
159.46663567963697,9582126.0
159.4870699581079,10881443.0
159.50750413634523,12488233.0
159.52793841457606,13693072.0
159.54837279234926,15834362.0
159.56880697012093,17303400.0
159.58924124765326,17075212.0
159.60967552496004,16185163.0
159.63010990226758,15381595.0
159.65054407910063,14604588.0
159.67097835594177,14000496.0
159.69141273254354,13463909.0
159.71184690891823,12999959.0
159.73228118506086,12579135.0
159.75271546120348,12172835.0
159.77314973687317,11772443.0
159.79358401255013,11386071.0
159.81401828799426,11026480.0
159.8344525634311,10717153.0
159.85488683840958,10455860.0
159.87532111338805,10247741.0
159.89575528789285,10091228.0
159.9161896624064,9976370.0
159.93662393668637,9906674.0
159.95705821095908,9900766.0
159.9774924847734,9839148.0
159.9979267585877,9661874.0
160.01836103216192,9524413.0
160.03879530551058,9924149.0
160.0592295786264,11381723.0
160.07966385150212,12609497.0
160.1000981243851,14127014.0
160.12053229703452,16155160.0
160.14096666944533,16624569.0
160.16140094162984,16180069.0
160.18183511358075,15547029.0
160.2022694855259,14914588.0
160.2227037570119,14331811.0
160.24313792849716,13818569.0
160.26357219974307,13383387.0
160.284006570997,13008503.0
160.30444074178376,12660599.0
160.32487501233118,12315555.0
160.34530938288663,11918756.0
160.36574365320848,11609595.0
160.38617782328947,11209846.0
160.4066120933785,10951335.0
160.42704646300265,10714572.0
160.44748063261795,10500578.0
160.46791490177566,10299640.0
160.48834927093412,10082786.0
160.5087834400838,9921166.0
160.52921770877583,9754742.0
160.54965197723504,9525457.0
160.57008624568698,9249528.0
160.59052051391336,9175696.0
160.6109547819069,9745634.0
160.63138894966687,11287327.0
160.65182331718825,12980608.0
160.67225758471614,14878149.0
160.69269175200316,17434684.0
160.71312611906615,17867918.0
160.73356038589554,17141546.0
160.75399455248407,16069597.0
160.7744288188478,15087136.0
160.7948631852123,14384219.0
160.81529745133594,13764271.0
160.83573161723325,13243663.0
160.85616598289926,12779605.0
160.8766002483244,12335825.0
160.89703441352322,11897697.0
160.9174686787228,11469507.0
160.93790304368304,11064534.0
160.9583372084162,10704546.0
160.9787714729173,10412948.0
160.99920583717903,10193964.0
161.0196400012137,10024682.0
161.04007426524913,9885818.0
161.06050852904443,9785088.0
161.08094279261422,9740188.0
161.10137705595116,9721511.0
161.121811319048,9620507.0
161.14224568192003,9435264.0
161.16267984479057,9485857.0
161.18311410742172,10294791.0
161.20354826982657,11941669.0
161.22398263200012,13436919.0
161.26485115563992,17337318.0
161.28528531734628,16963836.0
161.30571967881406,16187092.0
161.32615394005552,15391350.0
161.3465881010634,14677467.0
161.36702246183268,14060531.0
161.38745672237565,13535490.0
161.40789088291783,13088376.0
161.42832514322072,12692595.0
161.44875950306596,12318188.0
161.46919366290967,11949777.0
161.48962792275415,11588858.0
161.51006228212646,11239034.0
161.53049644127168,10921452.0
161.5509307004104,10658668.0
161.57136495932355,10508641.0
161.59179931800463,10359096.0
161.61223347645137,10177549.0
161.63266773465875,10057737.0
161.65310209287418,9982286.0
161.67353635084874,9790246.0
161.69397050836417,9496170.0
161.71440476588032,9248110.0
161.73483912315714,9319771.0
161.75527328043972,10177950.0
161.7757075372574,11861524.0
161.7961417940678,14062344.0
161.81657605041983,16577708.0
161.83701030677184,18053184.0
161.85744456289103,17738926.0
161.87787891877088,16717020.0
161.89831307465647,15635946.0
161.9187473300699,14773845.0
161.93918148548985,14111298.0
161.95961584067845,13600805.0
161.9800500956335,13091648.0
162.00048435034842,12626423.0
162.0209186048378,12156534.0
162.04135285908706,11706535.0
162.0617871133436,11274070.0
162.08222126736655,10871636.0
162.10265562092536,10523510.0
162.12308987447614,10243963.0
162.14352402803345,10023018.0
162.1639583811193,9844277.0
162.18439263397886,9709458.0
162.20482678683766,9635098.0
162.2252610394644,9663290.0
162.24569539185177,9718193.0
162.26612954401207,9543553.0
162.2865637959403,9370905.0
162.3069981476292,9621102.0
162.3274323993246,10847705.0
162.3478665505536,12553727.0
162.36830080177606,15085599.0
162.38873515277373,17676140.0
162.40916930352978,17876864.0
162.42960355429386,16960392.0
162.45003770459152,15909388.0
162.47047205465788,15047882.0
162.4909063047162,14369387.0
162.51133995455166,13776271.0
162.53177430414507,13263623.0
162.5522084535114,12805351.0
162.5726427026384,12384978.0
162.59307695177267,11986258.0
162.61351130044204,11607847.0
162.6339454491099,11245050.0
162.6543796975384,10926184.0
162.6748140457421,10653457.0
162.69524819370417,10447989.0
162.71568244144146,10277959.0
162.7361166889459,10088603.0
162.75655093645037,9903644.0
162.77698518371471,9837950.0
162.79741943052068,9754772.0
162.81785367731936,9526399.0
162.83828792412532,9286073.0
162.85872217046563,9142589.0
162.8791563165723,9435305.0
162.8995906626733,10939430.0
162.9200249083151,13169959.0
162.94045905395615,15849438.0
162.96089329935785,17950024.0
162.98132764453476,18108018.0
163.0017617894773,17292074.0
163.02219603441335,16120577.0
163.04263037889177,15226543.0
163.06306462336215,14463675.0
163.08349876760622,13820940.0
163.1039330116182,13265942.0
163.12436735539814,12763872.0
163.14480149893643,12290766.0
163.16523574224993,11828143.0
163.18567008555692,11380328.0
163.206104228404,10956157.0
163.22653847125184,10583312.0
163.24697271386685,10279578.0
163.26740695624176,10046672.0
163.2878411983911,9893848.0
163.30827544030765,9780901.0
163.3287097819848,9716273.0
163.34914392366773,9712043.0
163.36957816511858,9737835.0
163.39001230609574,9627585.0
163.4104466470817,9380952.0
163.43088088783406,9262436.0
163.4513150285784,9767672.0
163.47174936886586,11397856.0
163.49218360891973,13963032.0
163.51261784896633,17316276.0
163.5330519887866,18209830.0
163.55348632813548,17698486.0
163.57392056749086,16607125.0
163.59435470684548,15662819.0
163.6147889457352,14831365.0
163.63522328438555,14115829.0
163.6556574230417,13507456.0
163.67609166123293,12981004.0
163.69652599941764,12515640.0
163.71696013737528,12087992.0
163.73739437510085,11692379.0
163.7578286125863,11330178.0
163.7782628498462,10974517.0
163.7986970868733,10664370.0
163.8191313238931,10414689.0
163.8395656606881,10217293.0
163.85999979701592,10037145.0
163.88043403333722,9848235.0
163.9008681694322,9747109.0
163.9213025052959,9765063.0
163.94173674115154,9674421.0
163.9621709765488,9437455.0
163.98260521171323,9200679.0
164.0030394468704,9173653.0
164.023473681802,9860351.0
164.0439078165,11967343.0
164.06434215095942,15020184.0
164.08477638519253,17598184.0
164.1052106191928,18289216.0
164.1256447529522,17786210.0
164.14607908672042,16510737.0
164.16651322025427,15500565.0
164.18694745331595,14789500.0
164.20738178638567,14079820.0
164.24825015181705,12946604.0
164.2686843841875,12453321.0
164.28911861655797,11973015.0
164.3095528484555,11507115.0
164.3299870803603,11064830.0
164.3504214118002,10684876.0
164.37085564323206,10367694.0
164.3912897744376,10115581.0
164.4117240054111,9909584.0
164.43215823614446,9739942.0
164.4525924668851,9621571.0
164.4730266971601,9603614.0
164.49346102719574,9676138.0
164.51389515723713,9710342.0
164.53432938704643,9561074.0
164.55476361661567,9314889.0
164.57519784595934,9372287.0
164.59563207507017,10428083.0
164.6160663039409,12257582.0
164.6365004325853,15877289.0
164.65693476123124,18387282.0
164.67736898940348,18370488.0
164.697803217583,17266298.0
164.71823744552967,16184934.0
164.73867167323624,15347963.0
164.75910590071726,14570538.0
164.77954002796469,13900997.0
164.79997435497353,13281682.0
164.82040858175606,12752117.0
164.84084270853782,12253929.0
164.86127703484817,11798765.0
164.88171126116504,11383320.0
164.9021453872483,11000686.0
164.9225796128594,10669231.0
164.94301393847854,10392608.0
164.96344806409616,10185171.0
